{"is_source_file": true, "format": "JavaScript (React JSX)", "description": "This source file defines the React component RecipeListPage, which serves as the main page for browsing, searching, and filtering recipes in the application. It imports data, hooks, and UI components, manages state and effects, and renders the page structure including header, filters, recipe grid, and footer.", "external_files": ["../data/recipes.json", "../components/Header", "../components/Filters", "../components/RecipeGrid", "../components/Footer", "../utils/recipeUtils", "../hooks/useRecipeSearchParams"], "external_methods": ["buildFilterOptions", "filterRecipes", "buildSearchText", "useRecipeSearchParams"], "published": ["RecipeListPage"], "classes": [], "methods": [{"name": "RecipeListPage()", "description": "Main React component function that implements the recipe browsing page, managing filters, search, and rendering logic.", "scope": "", "scopeKind": ""}], "calls": ["useRecipeSearchParams", "setState", "useState", "useMemo", "buildSearchText", "buildFilterOptions", "filterRecipes", "setLoading", "clear"], "search-terms": ["RecipeListPage", "recipe filtering React component", "recipe data JSON", "search and filter recipes", "React hooks", "recipeUtils", "useRecipeSearchParams"], "state": 2, "file_id": 25, "knowledge_revision": 49, "git_revision": "", "ctags": [{"_type": "tag", "name": "RecipeListPage", "path": "/home/kavia/workspace/code-generation/recipe-explorer-313340-313349/frontend/src/pages/RecipeListPage.js", "pattern": "/^export function RecipeListPage() {$/", "language": "JavaScript", "kind": "function", "signature": "()"}, {"_type": "tag", "name": "clear", "path": "/home/kavia/workspace/code-generation/recipe-explorer-313340-313349/frontend/src/pages/RecipeListPage.js", "pattern": "/^            onClear={clear}$/", "language": "JavaScript", "kind": "field", "scope": "RecipeListPage.onClear", "scopeKind": "class"}, {"_type": "tag", "name": "options", "path": "/home/kavia/workspace/code-generation/recipe-explorer-313340-313349/frontend/src/pages/RecipeListPage.js", "pattern": "/^            options={options}$/", "language": "JavaScript", "kind": "field", "scope": "RecipeListPage.options", "scopeKind": "class"}, {"_type": "tag", "name": "state", "path": "/home/kavia/workspace/code-generation/recipe-explorer-313340-313349/frontend/src/pages/RecipeListPage.js", "pattern": "/^            value={state}$/", "language": "JavaScript", "kind": "field", "scope": "RecipeListPage.value", "scopeKind": "class"}], "hash": "0c11e029a0362f656b070987526a0217", "format-version": 4, "code-base-name": "frontend", "filename": "frontend/src/pages/RecipeListPage.js", "fields": [{"name": "onClear={clear}", "scope": "RecipeListPage.onClear", "scopeKind": "class", "description": "unavailable"}, {"name": "options={options}", "scope": "RecipeListPage.options", "scopeKind": "class", "description": "unavailable"}, {"name": "value={state}", "scope": "RecipeListPage.value", "scopeKind": "class", "description": "unavailable"}], "revision_history": [{"49": ""}]}