{"is_source_file": true, "format": "JavaScript (React component)", "description": "This file defines an ErrorBoundary React component that captures rendering errors in its child components to prevent the entire app from crashing, providing a fallback UI.", "external_files": ["react"], "external_methods": ["React.Component", "React.createElement"], "published": ["ErrorBoundary"], "classes": [{"name": "ErrorBoundary", "description": "A React component acting as an error boundary to catch errors during rendering and display a fallback UI."}], "methods": [{"name": "constructor(props)", "description": "Initializes the component's state with hasError set to false and error null.", "scope": "ErrorBoundary", "scopeKind": "class"}, {"name": "getDerivedStateFromError(error)", "description": "Static method that updates state when an error is caught during rendering.", "scope": "ErrorBoundary", "scopeKind": "class"}, {"name": "componentDidCatch(error, info)", "description": "Lifecycle method that logs errors caught during rendering.", "scope": "ErrorBoundary", "scopeKind": "class"}, {"name": "render()", "description": "Renders fallback UI if an error has occurred; otherwise renders child components.", "scope": "ErrorBoundary", "scopeKind": "class"}], "calls": ["console.error"], "search-terms": ["ErrorBoundary", "React error boundary", "componentDidCatch", "getDerivedStateFromError", "fallback UI", "error handling in React"], "state": 2, "file_id": 16, "knowledge_revision": 32, "git_revision": "", "ctags": [{"_type": "tag", "name": "ErrorBoundary", "path": "/home/kavia/workspace/code-generation/recipe-explorer-313340-313349/frontend/src/components/ErrorBoundary.js", "pattern": "/^export class ErrorBoundary extends React.Component {$/", "language": "JavaScript", "kind": "class"}, {"_type": "tag", "name": "componentDidCatch", "path": "/home/kavia/workspace/code-generation/recipe-explorer-313340-313349/frontend/src/components/ErrorBoundary.js", "pattern": "/^  componentDidCatch(error, info) {$/", "language": "JavaScript", "kind": "method", "signature": "(error, info)", "scope": "ErrorBoundary", "scopeKind": "class"}, {"_type": "tag", "name": "constructor", "path": "/home/kavia/workspace/code-generation/recipe-explorer-313340-313349/frontend/src/components/ErrorBoundary.js", "pattern": "/^  constructor(props) {$/", "language": "JavaScript", "kind": "method", "signature": "(props)", "scope": "ErrorBoundary", "scopeKind": "class"}, {"_type": "tag", "name": "error", "path": "/home/kavia/workspace/code-generation/recipe-explorer-313340-313349/frontend/src/components/ErrorBoundary.js", "pattern": "/^    this.state = { hasError: false, error: null };$/", "language": "JavaScript", "kind": "property", "scope": "ErrorBoundary.constructor.state", "scopeKind": "class"}, {"_type": "tag", "name": "getDerivedStateFromError", "path": "/home/kavia/workspace/code-generation/recipe-explorer-313340-313349/frontend/src/components/ErrorBoundary.js", "pattern": "/^  static getDerivedStateFromError(error) {$/", "language": "JavaScript", "kind": "method", "signature": "(error)", "scope": "ErrorBoundary", "scopeKind": "class"}, {"_type": "tag", "name": "hasError", "path": "/home/kavia/workspace/code-generation/recipe-explorer-313340-313349/frontend/src/components/ErrorBoundary.js", "pattern": "/^    this.state = { hasError: false, error: null };$/", "language": "JavaScript", "kind": "property", "scope": "ErrorBoundary.constructor.state", "scopeKind": "class"}, {"_type": "tag", "name": "render", "path": "/home/kavia/workspace/code-generation/recipe-explorer-313340-313349/frontend/src/components/ErrorBoundary.js", "pattern": "/^  render() {$/", "language": "JavaScript", "kind": "method", "signature": "()", "scope": "ErrorBoundary", "scopeKind": "class"}, {"_type": "tag", "name": "state", "path": "/home/kavia/workspace/code-generation/recipe-explorer-313340-313349/frontend/src/components/ErrorBoundary.js", "pattern": "/^    this.state = { hasError: false, error: null };$/", "language": "JavaScript", "kind": "class", "scope": "ErrorBoundary.constructor", "scopeKind": "class"}], "hash": "59eec7c114a210f7663c02a5b30dfa16", "format-version": 4, "code-base-name": "frontend", "filename": "frontend/src/components/ErrorBoundary.js", "fields": [{"name": "this.state = { hasError: false, error: null };", "scope": "ErrorBoundary.constructor.state", "scopeKind": "class", "description": "unavailable"}], "revision_history": [{"32": ""}]}