{"is_source_file": true, "format": "JavaScript", "description": "This file contains utility functions for handling recipe data, including searching, filtering, and generating filter options. It defines data types (for Ingredients, Nutrition, and Recipe) and includes functions to build searchable text, filter recipes based on user criteria, and create filter option lists from a set of recipes.", "external_files": [], "external_methods": [], "published": ["buildSearchText", "filterRecipes", "buildFilterOptions"], "classes": [], "methods": [{"name": "buildSearchText(recipe)", "description": "Creates a normalized, searchable string (blob) from a recipe object, combining title, description, ingredients, tags, cuisine, and difficulty to facilitate full-text search.", "scope": "", "scopeKind": ""}, {"name": "filterRecipes(recipes, params)", "description": "Filters an array of recipes based on search parameters such as query text, cuisine, difficulty, and dietary restrictions.", "scope": "", "scopeKind": ""}, {"name": "buildFilterOptions(recipes)", "description": "Generates sorted, unique lists of available options for cuisines, difficulties, and dietary tags from a collection of recipes.", "scope": "", "scopeKind": ""}], "calls": ["buildSearchText"], "search-terms": ["recipe", "filter", "search", "search-text", "filter-options", "recipeUtils"], "state": 2, "file_id": 14, "knowledge_revision": 57, "git_revision": "", "revision_history": [{"28": ""}, {"57": ""}], "ctags": [{"_type": "tag", "name": "buildFilterOptions", "path": "/home/kavia/workspace/code-generation/recipe-explorer-313340-313349/frontend/src/utils/recipeUtils.js", "pattern": "/^export function buildFilterOptions(recipes) {$/", "language": "JavaScript", "kind": "function", "signature": "(recipes)"}, {"_type": "tag", "name": "buildSearchText", "path": "/home/kavia/workspace/code-generation/recipe-explorer-313340-313349/frontend/src/utils/recipeUtils.js", "pattern": "/^export function buildSearchText(recipe) {$/", "language": "JavaScript", "kind": "function", "signature": "(recipe)"}, {"_type": "tag", "name": "filterRecipes", "path": "/home/kavia/workspace/code-generation/recipe-explorer-313340-313349/frontend/src/utils/recipeUtils.js", "pattern": "/^export function filterRecipes(recipes, params) {$/", "language": "JavaScript", "kind": "function", "signature": "(recipes, params)"}], "hash": "e1c3be1698d41e35ede1433c169eb828", "format-version": 4, "code-base-name": "frontend", "filename": "frontend/src/utils/recipeUtils.js"}