{"is_source_file": false, "format": "", "description": "", "external_files": [], "external_methods": [], "published": [], "classes": [], "methods": [], "calls": [], "search-terms": [], "state": 2, "file_id": 11, "knowledge_revision": 56, "git_revision": "71293608d9f80ffb1178fd74f5fc633237d79524", "hash": "a34b9cb1cd60a231767bb54c18647323", "format-version": 4, "code-base-name": "frontend", "filename": "frontend/package.json", "revision_history": [{"56": "71293608d9f80ffb1178fd74f5fc633237d79524"}]}