{"is_source_file": true, "format": "JavaScript (React)", "description": "This is the main entry point for a React web application, rendering the root component into the DOM.", "external_files": ["./App", "./index.css"], "external_methods": ["ReactDOM.createRoot", "root.render"], "published": [], "classes": [], "methods": [{"name": "ReactDOM.createRoot", "description": "Creates a React root for rendering the application into the DOM."}, {"name": "root.render", "description": "Renders the React component tree into the DOM element."}], "calls": ["ReactDOM.createRoot", "root.render"], "search-terms": ["index.js", "React", "ReactDOM", "React.StrictMode", "App", "render"], "state": 2, "file_id": 6, "knowledge_revision": 21, "git_revision": "71293608d9f80ffb1178fd74f5fc633237d79524", "ctags": [{"_type": "tag", "name": "root", "path": "/home/kavia/workspace/code-generation/recipe-explorer-313340-313349/frontend/src/index.js", "pattern": "/^const root = ReactDOM.createRoot(document.getElementById('root'));$/", "language": "JavaScript", "kind": "constant"}], "hash": "9fc5841375336fc175b49f8767a11383", "format-version": 4, "code-base-name": "frontend", "filename": "frontend/src/index.js", "revision_history": [{"21": "71293608d9f80ffb1178fd74f5fc633237d79524"}]}