{"is_source_file": true, "format": "JavaScript", "description": "A React functional component named Badge used to display small label badges for tags and attributes, with customizable tone styling.", "external_files": ["react"], "external_methods": [], "published": ["Badge"], "classes": [], "methods": [{"name": "Badge({ children, tone = \"default\" })", "description": "A React functional component that renders a span with badge styling and displays children content.", "scope": "", "scopeKind": ""}], "calls": ["React.createElement"], "search-terms": ["Badge", "React component", "label badge", "tags and attributes", "badge--"], "state": 2, "file_id": 17, "knowledge_revision": 34, "git_revision": "", "ctags": [{"_type": "tag", "name": "Badge", "path": "/home/kavia/workspace/code-generation/recipe-explorer-313340-313349/frontend/src/components/Badge.js", "pattern": "/^export function Badge({ children, tone = \"default\" }) {$/", "language": "JavaScript", "kind": "function", "signature": "({ children, tone = \"default\" })"}, {"_type": "tag", "name": "badge badge--${tone}", "path": "/home/kavia/workspace/code-generation/recipe-explorer-313340-313349/frontend/src/components/Badge.js", "pattern": "/^  return <span className={`badge badge--${tone}`}>{children}<\\/span>;$/", "language": "JavaScript", "kind": "field", "scope": "Badge.AnonymousClass3f70eb650101", "scopeKind": "class"}], "hash": "44f1de238dd650fc36e938a8f9bbb19d", "format-version": 4, "code-base-name": "frontend", "filename": "frontend/src/components/Badge.js", "fields": [{"name": "return <span className={`badge badge--${tone}`}>{children}<\\/span>;", "scope": "Badge.AnonymousClass3f70eb650101", "scopeKind": "class", "description": "unavailable"}], "revision_history": [{"34": ""}]}