{"is_source_file": true, "format": "JavaScript Module (ESM, .mjs)", "description": "This is an ESLint configuration file written in JavaScript, defining code linting rules and plugin configurations for a project that uses JavaScript and React.", "external_files": ["@eslint/js", "eslint-plugin-react"], "external_methods": ["pluginJs.configs.recommended", "pluginReact", "eslint-plugin-react"], "published": [], "classes": [], "methods": [{"name": "export default", "description": "Exports the ESLint configuration array defining global settings, rules, and plugins."}], "calls": ["pluginJs", "pluginReact"], "search-terms": ["eslint", "eslint-plugin-react", "ESM", "configuration", "rules", "plugins", "jsx", "react"], "state": 2, "file_id": 3, "knowledge_revision": 19, "git_revision": "71293608d9f80ffb1178fd74f5fc633237d79524", "hash": "be6538e7523bc2e9da0743133d784136", "format-version": 4, "code-base-name": "frontend", "filename": "frontend/eslint.config.mjs", "revision_history": [{"19": "71293608d9f80ffb1178fd74f5fc633237d79524"}]}