{"is_source_file": false, "format": "", "description": "", "external_files": [], "external_methods": [], "published": [], "classes": [], "methods": [], "calls": [], "search-terms": [], "state": 2, "file_id": 10, "knowledge_revision": 54, "git_revision": "71293608d9f80ffb1178fd74f5fc633237d79524", "hash": "e6104b399cf1485ccc051990b25f53d3", "format-version": 4, "code-base-name": "frontend", "filename": "frontend/src/index.css", "revision_history": [{"54": "71293608d9f80ffb1178fd74f5fc633237d79524"}]}