{"is_source_file": true, "format": "JavaScript (React JSX)", "description": "This file defines a React functional component named SkeletonCard that renders a placeholder skeleton UI for recipe cards, typically used while loading content.", "external_files": ["react"], "external_methods": [], "published": ["SkeletonCard"], "classes": [], "methods": [{"name": "SkeletonCard()", "description": "React functional component returning a skeleton UI structure for recipe cards.", "scope": "", "scopeKind": ""}], "calls": ["React"], "search-terms": ["SkeletonCard", "React", "skeleton", "placeholder", "recipe cards", "loading UI"], "state": 2, "file_id": 20, "knowledge_revision": 41, "git_revision": "", "ctags": [{"_type": "tag", "name": "SkeletonCard", "path": "/home/kavia/workspace/code-generation/recipe-explorer-313340-313349/frontend/src/components/SkeletonCard.js", "pattern": "/^export function SkeletonCard() {$/", "language": "JavaScript", "kind": "function", "signature": "()"}], "hash": "9d9b8202ec5e314700053099c132a6df", "format-version": 4, "code-base-name": "frontend", "filename": "frontend/src/components/SkeletonCard.js", "revision_history": [{"41": ""}]}