{"is_source_file": true, "format": "JavaScript (React JSX)", "description": "This file defines a React functional component named 'Filters' which provides a user interface for filtering recipes based on cuisine, difficulty, and dietary preferences. It includes UI elements such as dropdowns and toggle buttons, manages internal state updates, and interacts with external callback functions.", "external_files": ["./Badge"], "external_methods": [], "published": ["Filters"], "classes": [], "methods": [{"name": "Filters({ options, value, onChange, onClear })", "scope": "", "scopeKind": "", "description": "unavailable"}], "calls": ["React", "onChange", "onClear", "Array.prototype.find", "Array.prototype.map", "set.has", "set.delete", "set.add"], "search-terms": ["Filters", "dietaryOptions", "toggleDietary", "Filters panel", "cuisine", "difficulty", "dietary preferences", "React component", "react select", "filter UI"], "state": 2, "file_id": 19, "knowledge_revision": 38, "git_revision": "", "ctags": [{"_type": "tag", "name": "Filters", "path": "/home/kavia/workspace/code-generation/recipe-explorer-313340-313349/frontend/src/components/Filters.js", "pattern": "/^export function Filters({$/", "language": "JavaScript", "kind": "function", "signature": "({ options, value, onChange, onClear })"}, {"_type": "tag", "name": "value", "path": "/home/kavia/workspace/code-generation/recipe-explorer-313340-313349/frontend/src/components/Filters.js", "pattern": "/^            value={value.cuisine}$/", "language": "JavaScript", "kind": "field", "scope": "Filters.value", "scopeKind": "class"}, {"_type": "tag", "name": "value", "path": "/home/kavia/workspace/code-generation/recipe-explorer-313340-313349/frontend/src/components/Filters.js", "pattern": "/^            value={value.difficulty}$/", "language": "JavaScript", "kind": "field", "scope": "Filters.value", "scopeKind": "class"}], "hash": "8da15ea6a60fd6e291d03535d280518e", "format-version": 4, "code-base-name": "frontend", "filename": "frontend/src/components/Filters.js", "fields": [{"name": "value={value.cuisine}", "scope": "Filters.value", "scopeKind": "class", "description": "unavailable"}, {"name": "value={value.difficulty}", "scope": "Filters.value", "scopeKind": "class", "description": "unavailable"}], "revision_history": [{"38": ""}]}