{"is_source_file": false, "format": "", "description": "", "external_files": [], "external_methods": [], "published": [], "classes": [], "methods": [], "calls": [], "search-terms": ["CSS", "App.css", "styles", "CSS variables", "layout", "header", "footer", "cards", "badges", "grid", "responsive", "theme", "app-level styles"], "state": 2, "file_id": 8, "knowledge_revision": 53, "git_revision": "71293608d9f80ffb1178fd74f5fc633237d79524", "hash": "a5badacc4dc928b6568fdc35ec2a18ce", "format-version": 4, "code-base-name": "frontend", "filename": "frontend/src/App.css", "revision_history": [{"53": "71293608d9f80ffb1178fd74f5fc633237d79524"}]}