{"is_source_file": false, "format": "", "description": "", "external_files": [], "external_methods": [], "published": [], "classes": [], "methods": [], "calls": [], "search-terms": [], "state": 2, "file_id": 9, "knowledge_revision": 24, "git_revision": "71293608d9f80ffb1178fd74f5fc633237d79524", "ctags": [], "hash": "1a77571e1a8cf36018a41bcedf60db75", "format-version": 4, "code-base-name": "frontend", "filename": "frontend/src/setupTests.js", "revision_history": [{"24": "71293608d9f80ffb1178fd74f5fc633237d79524"}]}