{"is_source_file": false, "format": "", "description": "", "external_files": [], "external_methods": [], "published": [], "classes": [], "methods": [], "calls": [], "search-terms": [], "state": 2, "file_id": 4, "knowledge_revision": 16, "git_revision": "71293608d9f80ffb1178fd74f5fc633237d79524", "hash": "d9d975cebe2ec20b6c652e1e4c12ccf0", "format-version": 4, "code-base-name": "frontend", "filename": "frontend/public/manifest.json", "revision_history": [{"16": "71293608d9f80ffb1178fd74f5fc633237d79524"}]}