{"is_source_file": true, "format": "JavaScript (React)", "description": "A React functional component rendering a simple footer for the Recipe Explorer frontend demo.", "external_files": ["react"], "external_methods": [], "published": ["Footer"], "classes": [], "methods": ["Footer"], "calls": [], "search-terms": ["Footer", "React", "footer", "Recipe Explorer", "frontend"], "state": 2, "file_id": 24, "knowledge_revision": 45, "git_revision": "", "ctags": [{"_type": "tag", "name": "Footer", "path": "/home/kavia/workspace/code-generation/recipe-explorer-313340-313349/frontend/src/components/Footer.js", "pattern": "/^export function Footer() {$/", "language": "JavaScript", "kind": "function", "signature": "()"}], "hash": "8e9aa176068ca61199d7f6041a8e2d14", "format-version": 4, "code-base-name": "frontend", "filename": "frontend/src/components/Footer.js"}