{"is_source_file": true, "format": "JavaScript", "description": "This file defines a React functional component named 'EmptyState' used to display a placeholder message when no recipes match the search or filters.", "external_files": ["react"], "external_methods": [], "published": ["EmptyState"], "classes": [], "methods": [{"name": "EmptyState({ title = \"No recipes found\", description = \"Try adjusting your search or filters.\" })", "description": "React functional component that renders an empty state message with optional title and description.", "scope": "", "scopeKind": ""}], "calls": [], "search-terms": ["EmptyState", "React", "empty state", "no recipes", "placeholder"], "state": 2, "file_id": 21, "knowledge_revision": 42, "git_revision": "", "ctags": [{"_type": "tag", "name": "EmptyState", "path": "/home/kavia/workspace/code-generation/recipe-explorer-313340-313349/frontend/src/components/EmptyState.js", "pattern": "/^export function EmptyState({ title = \"No recipes found\", description = \"Try adjusting your searc/", "language": "JavaScript", "kind": "function", "signature": "({ title = \"No recipes found\", description = \"Try adjusting your search or filters.\" })"}], "hash": "4913195474568ccfc5d3dd26e8c49efb", "format-version": 4, "code-base-name": "frontend", "filename": "frontend/src/components/EmptyState.js", "revision_history": [{"42": ""}]}