{"is_source_file": true, "format": "JavaScript", "description": "React functional component named Header that renders a site header with branding and a search bar, utilizing React Router's useLocation hook for navigation context.", "external_files": ["react", "react-router-dom"], "external_methods": ["useLocation"], "published": ["Header"], "classes": [], "methods": [{"name": "Header({ query, onQueryChange })", "description": "React functional component rendering the application header with branding and search input, displaying current search query and handling input changes.", "scope": "", "scopeKind": ""}], "calls": ["useLocation", "Link", "onQueryChange"], "search-terms": ["Header", "React", "react-router-dom", "useLocation", "Header component", "search bar", "branding"], "state": 2, "file_id": 18, "knowledge_revision": 36, "git_revision": "", "ctags": [{"_type": "tag", "name": "Header", "path": "/home/kavia/workspace/code-generation/recipe-explorer-313340-313349/frontend/src/components/Header.js", "pattern": "/^export function Header({ query, onQueryChange }) {$/", "language": "JavaScript", "kind": "function", "signature": "({ query, onQueryChange })"}, {"_type": "tag", "name": "query", "path": "/home/kavia/workspace/code-generation/recipe-explorer-313340-313349/frontend/src/components/Header.js", "pattern": "/^            value={query}$/", "language": "JavaScript", "kind": "field", "scope": "Header.value", "scopeKind": "class"}], "hash": "46345c5041d0787c2abf9359d150ee42", "format-version": 4, "code-base-name": "frontend", "filename": "frontend/src/components/Header.js", "fields": [{"name": "value={query}", "scope": "Header.value", "scopeKind": "class", "description": "unavailable"}], "revision_history": [{"36": ""}]}