{"is_source_file": true, "format": "JavaScript (React JSX)", "description": "This is a React component file defining the RecipeCard component, which renders a recipe summary card with links, badges, and metadata.", "external_files": ["./Badge"], "external_methods": ["useLocation"], "published": ["RecipeCard"], "classes": [], "methods": [{"name": "RecipeCard({ recipe })", "description": "Function component rendering a recipe card with links, images, badges, and metadata.", "scope": "", "scopeKind": ""}], "calls": ["React", "useLocation", "Link", "Badge"], "search-terms": ["React", "RecipeCard", "recipe", "components", "UI", "card", "metadata", "badges", "recipe linking"], "state": 2, "file_id": 22, "knowledge_revision": 46, "git_revision": "", "ctags": [{"_type": "tag", "name": "RecipeCard", "path": "/home/kavia/workspace/code-generation/recipe-explorer-313340-313349/frontend/src/components/RecipeCard.js", "pattern": "/^export function RecipeCard({ recipe }) {$/", "language": "JavaScript", "kind": "function", "signature": "({ recipe })"}, {"_type": "tag", "name": "title}", "path": "/home/kavia/workspace/code-generation/recipe-explorer-313340-313349/frontend/src/components/RecipeCard.js", "pattern": "/^        aria-label={`View recipe: ${recipe.title}`}$/", "language": "JavaScript", "kind": "field", "scope": "aria.View recipe: ${recipe", "scopeKind": "class"}], "hash": "9f6d46627b3359eeefd362632344618a", "format-version": 4, "code-base-name": "frontend", "filename": "frontend/src/components/RecipeCard.js", "fields": [{"name": "aria-label={`View recipe: ${recipe.title}`}", "scope": "aria.View recipe: ${recipe", "scopeKind": "class", "description": "unavailable"}], "revision_history": [{"46": ""}]}