{"is_source_file": true, "format": "JavaScript (React JSX)", "description": "React component for the recipe detail page, displaying recipe information, ingredients, steps, and related UI elements.", "external_files": ["../data/recipes.json", "../components/Badge", "../components/Footer", "../utils/recipeUtils"], "external_methods": ["buildSearchText"], "published": ["RecipeDetailPage"], "classes": [], "methods": [{"name": "RecipeDetailPage()", "description": "Main React functional component rendering the recipe detail page, including handling route parameters, navigation, and conditional display if recipe is not found.", "scope": "", "scopeKind": ""}], "calls": ["useMemo", "find", "buildSearchText", "navigate", "Link", "useParams", "useLocation", "useNavigate"], "search-terms": ["RecipeDetailPage", "react-router-dom", "recipesData", "recipe", "ingredients", "steps", "Nutrition", "badges", "recipeUtils"], "state": 2, "file_id": 26, "knowledge_revision": 51, "git_revision": "", "ctags": [{"_type": "tag", "name": "RecipeDetailPage", "path": "/home/kavia/workspace/code-generation/recipe-explorer-313340-313349/frontend/src/pages/RecipeDetailPage.js", "pattern": "/^export function RecipeDetailPage() {$/", "language": "JavaScript", "kind": "function", "signature": "()"}], "hash": "5e8c9c7c50b75dc7143e3c35fe245939", "format-version": 4, "code-base-name": "frontend", "filename": "frontend/src/pages/RecipeDetailPage.js", "revision_history": [{"51": ""}]}