{"is_source_file": true, "format": "JavaScript (React JSX)", "description": "This file defines the main entry point of a React application, setting up routing for different pages such as recipe list and recipe detail, and including error boundary handling.", "external_files": ["./components/ErrorBoundary", "./pages/RecipeListPage", "./pages/RecipeDetailPage", "./App.css"], "external_methods": ["React", "BrowserRouter", "Navigate", "Route", "Routes"], "published": ["App"], "classes": [], "methods": [{"name": "App()", "description": "Main React component that sets up application routes and error boundary.", "scope": "", "scopeKind": ""}], "calls": ["React", "ErrorBoundary", "BrowserRouter", "Routes", "Route", "Navigate", "RecipeListPage", "RecipeDetailPage"], "search-terms": ["React", "routing", "App.js", "ErrorBoundary", "RecipeListPage", "RecipeDetailPage", "frontend"], "state": 2, "file_id": 12, "knowledge_revision": 52, "git_revision": "71293608d9f80ffb1178fd74f5fc633237d79524", "ctags": [{"_type": "tag", "name": "App", "path": "/home/kavia/workspace/code-generation/recipe-explorer-313340-313349/frontend/src/App.js", "pattern": "/^function App() {$/", "language": "JavaScript", "kind": "function", "signature": "()"}], "hash": "55fc0d3d008c08525e5deb5f5ed01f5d", "format-version": 4, "code-base-name": "frontend", "filename": "frontend/src/App.js", "revision_history": [{"52": "71293608d9f80ffb1178fd74f5fc633237d79524"}]}