{"is_source_file": true, "format": "JavaScript", "description": "This file defines a React hook called useRecipeSearchParams that manages recipe search filter states via URL search parameters. It encodes and decodes list values for URL compatibility and provides a public interface to access and update search-related state stored in URL parameters.", "external_files": ["react", "react-router-dom"], "external_methods": ["useMemo", "useSearchParams"], "published": ["useRecipeSearchParams"], "classes": [], "methods": [{"name": "encodeList(values)", "description": "Encodes an array of strings into a URL-safe comma-separated string.", "scope": "", "scopeKind": ""}, {"name": "decodeList(value)", "description": "Decodes a URL-safe comma-separated string into an array of trimmed strings.", "scope": "", "scopeKind": ""}, {"name": "useRecipeSearchParams()", "description": "Custom React hook that manages recipe search filter state synchronized with URL search parameters.", "scope": "", "scopeKind": ""}], "calls": ["useMemo", "useSearchParams", "searchParams.get", "setSearchParams"], "search-terms": ["useRecipeSearchParams", "URL search params", "React hook", "recipe filters", "state management", "encodeList", "decodeList"], "state": 2, "file_id": 15, "knowledge_revision": 30, "git_revision": "", "ctags": [{"_type": "tag", "name": "decodeList", "path": "/home/kavia/workspace/code-generation/recipe-explorer-313340-313349/frontend/src/hooks/useRecipeSearchParams.js", "pattern": "/^function decodeList(value) {$/", "language": "JavaScript", "kind": "function", "signature": "(value)"}, {"_type": "tag", "name": "encodeList", "path": "/home/kavia/workspace/code-generation/recipe-explorer-313340-313349/frontend/src/hooks/useRecipeSearchParams.js", "pattern": "/^function encodeList(values) {$/", "language": "JavaScript", "kind": "function", "signature": "(values)"}, {"_type": "tag", "name": "useRecipeSearchParams", "path": "/home/kavia/workspace/code-generation/recipe-explorer-313340-313349/frontend/src/hooks/useRecipeSearchParams.js", "pattern": "/^export function useRecipeSearchParams() {$/", "language": "JavaScript", "kind": "function", "signature": "()"}], "hash": "ed97861a93aaca2ad81fffab40c87925", "format-version": 4, "code-base-name": "frontend", "filename": "frontend/src/hooks/useRecipeSearchParams.js", "revision_history": [{"30": ""}]}