{"is_source_file": true, "format": "JavaScript", "description": "This file defines a React component named RecipeGrid that displays a grid of recipe cards with loading and empty states. It imports other local components: RecipeCard, SkeletonCard, and EmptyState.", "external_files": ["./RecipeCard", "./SkeletonCard", "./EmptyState"], "external_methods": [], "published": ["RecipeGrid"], "classes": [], "methods": [{"name": "RecipeGrid({ recipes, loading })", "description": "A React functional component that renders a grid of recipe cards, showing loading skeletons when data is loading and an empty state if no recipes are available.", "scope": "", "scopeKind": ""}], "calls": ["React", "SkeletonCard", "RecipeCard", "EmptyState"], "search-terms": ["RecipeGrid", "loading", "recipe", "SkeletonCard", "EmptyState", "RecipeCard", "grid", "recipe-explorer"], "state": 2, "file_id": 23, "knowledge_revision": 47, "git_revision": "", "ctags": [{"_type": "tag", "name": "RecipeGrid", "path": "/home/kavia/workspace/code-generation/recipe-explorer-313340-313349/frontend/src/components/RecipeGrid.js", "pattern": "/^export function RecipeGrid({ recipes, loading }) {$/", "language": "JavaScript", "kind": "function", "signature": "({ recipes, loading })"}], "hash": "ee986cceab5f334105c55f42ae491cb4", "format-version": 4, "code-base-name": "frontend", "filename": "frontend/src/components/RecipeGrid.js", "revision_history": [{"47": ""}]}