{"is_source_file": false, "format": null, "description": null, "external_files": [], "external_methods": [], "published": [], "classes": [], "methods": [], "calls": [], "search-terms": ["recipe-explorer", "README.md"], "state": 2, "file_id": 1, "knowledge_revision": 15, "git_revision": "6f46b15abaaa19b1b5b0eb3650c72deec12c3a01", "hash": "71c7b5bd048b7b62f76156dc405436b7", "format-version": 4, "code-base-name": "frontend", "filename": "README.md", "revision_history": [{"15": "6f46b15abaaa19b1b5b0eb3650c72deec12c3a01"}]}